pair_id,domain,entity_x,entity_y,difficulty,question_a,question_b,answer_a,answer_b,ground_truth_a,ground_truth_b,is_contradiction,cot_a,cot_b
pop_000,population,Tokyo,Paris,easy,"Is the population of Tokyo larger than the population of Paris? Think step by step, then answer YES or NO.","Is the population of Paris larger than the population of Tokyo? Think step by step, then answer YES or NO.",YES,NO,YES,NO,False,"Let's break it down step by step:

1. The population of Tokyo is approximately 38,140,000 (as of 2021).
2. The population of Paris is approximately 2,165,000 (as of 2021).

Comparing the two numbers, we can see that:

38,140,000 (Tokyo) is significantly larger than 2,165,000 (Paris).

Therefore, the answer is:

YES","Let's break it down step by step:

1. The population of Paris, the capital of France, is approximately 2.1 million people (as of 2021).
2. The population of Tokyo, the capital of Japan, is approximately 13.9 million people (as of 2021).

Comparing the two numbers, we can see that Tokyo's population is significantly larger than Paris's population.

Therefore, the answer is:

NO"
pop_001,population,Shanghai,Berlin,easy,"Is the population of Shanghai larger than the population of Berlin? Think step by step, then answer YES or NO.","Is the population of Berlin larger than the population of Shanghai? Think step by step, then answer YES or NO.",YES,NO,YES,NO,False,"Let's break it down step by step:

1. The population of Shanghai is approximately 24.1 million people (as of 2021).
2. The population of Berlin is approximately 6.7 million people (as of 2021).

Comparing the two numbers, we can see that:

24,100,000 (Shanghai) > 6,700,000 (Berlin)

Therefore, the answer is:

YES","Let's break it down step by step:

1. The population of Berlin, Germany is approximately 6.7 million people (as of 2021).
2. The population of Shanghai, China is approximately 24.1 million people (as of 2021).

Comparing the two numbers, we can see that the population of Shanghai is significantly larger than the population of Berlin.

Therefore, the answer is:

NO"
pop_002,population,Delhi,Sydney,easy,"Is the population of Delhi larger than the population of Sydney? Think step by step, then answer YES or NO.","Is the population of Sydney larger than the population of Delhi? Think step by step, then answer YES or NO.",YES,NO,YES,NO,False,"Let's break it down step by step:

1. The population of Delhi, the capital city of India, is approximately 29.2 million (as of 2020).
2. The population of Sydney, the most populous city in Australia, is approximately 5.2 million (as of 2020).

Comparing the two numbers, we can see that:

29,200,000 (Delhi) > 5,200,000 (Sydney)

Therefore, the answer is:

YES","Let's break it down step by step:

1. The population of Sydney, Australia is approximately 5.2 million (as of 2020).
2. The population of Delhi, India is approximately 29.2 million (as of 2020).

Comparing the two numbers, we can see that the population of Delhi is significantly larger than the population of Sydney.

Therefore, the answer is: NO, the population of Sydney is not larger than the population of Delhi."
pop_003,population,Mumbai,Toronto,easy,"Is the population of Mumbai larger than the population of Toronto? Think step by step, then answer YES or NO.","Is the population of Toronto larger than the population of Mumbai? Think step by step, then answer YES or NO.",YES,NO,YES,NO,False,"Let's break it down step by step:

1. The population of Mumbai (also known as Bombay) is approximately 12.4 million (as of 2021).
2. The population of Toronto is approximately 2.7 million (as of 2021).

Comparing the two numbers, we can see that:

12,400,000 (Mumbai) > 2,700,000 (Toronto)

Therefore, the answer is:

YES","Let's break it down step by step:

1. According to the latest available estimates, the population of Toronto, Canada is approximately 2.7 million people.
2. According to the latest available estimates, the population of Mumbai, India is approximately 12.4 million people.

Comparing the two numbers, we can see that the population of Mumbai is significantly larger than the population of Toronto.

Therefore, the answer is:

NO"
pop_004,population,Beijing,Madrid,easy,"Is the population of Beijing larger than the population of Madrid? Think step by step, then answer YES or NO.","Is the population of Madrid larger than the population of Beijing? Think step by step, then answer YES or NO.",YES,NO,YES,NO,False,"Let's break it down step by step:

1. The population of Beijing, China is approximately 21.5 million people (as of 2020).
2. The population of Madrid, Spain is approximately 3.2 million people (as of 2020).

Comparing the two numbers, we can see that:

21,500,000 (Beijing) > 3,200,000 (Madrid)

Therefore, the answer is:

YES","Let's break it down step by step:

1. The population of Madrid, the capital city of Spain, is approximately 3.2 million people (as of 2021).
2. The population of Beijing, the capital city of China, is approximately 21.5 million people (as of 2021).

Comparing the two numbers, we can see that the population of Beijing is significantly larger than the population of Madrid.

Therefore, the answer is:

NO"
pop_005,population,Cairo,Amsterdam,easy,"Is the population of Cairo larger than the population of Amsterdam? Think step by step, then answer YES or NO.","Is the population of Amsterdam larger than the population of Cairo? Think step by step, then answer YES or NO.",YES,NO,YES,NO,False,"Let's break it down step by step:

1. The population of Cairo is approximately 20.4 million people (as of 2020).
2. The population of Amsterdam is approximately 1.1 million people (as of 2020).

Comparing the two numbers, we can see that:

20,400,000 (Cairo) is significantly larger than 1,100,000 (Amsterdam).

Therefore, the answer is:

YES","Let's break it down step by step:

1. The population of Amsterdam is approximately 862,000 (as of 2021).
2. The population of Cairo is approximately 20.4 million (as of 2021).

Comparing the two numbers, we can see that the population of Cairo is significantly larger than the population of Amsterdam.

Therefore, the answer is:

NO"
pop_006,population,Mexico City,Vienna,easy,"Is the population of Mexico City larger than the population of Vienna? Think step by step, then answer YES or NO.","Is the population of Vienna larger than the population of Mexico City? Think step by step, then answer YES or NO.",YES,NO,YES,NO,False,"Let's break it down step by step:

1. The population of Mexico City is approximately 21.8 million people (as of 2020).
2. The population of Vienna is approximately 1.8 million people (as of 2020).

Comparing the two numbers, we can see that:

21,800,000 (Mexico City) is significantly larger than 1,800,000 (Vienna).

Therefore, the answer is:

YES","Let's break it down step by step:

1. The population of Vienna, Austria is approximately 1.8 million people (as of 2020).
2. The population of Mexico City, Mexico is approximately 21.8 million people (as of 2020).

Comparing the two numbers, we can see that Mexico City has a significantly larger population than Vienna. In fact, Mexico City's population is roughly 12 times larger than Vienna's.

Therefore, the answer is:

NO, the population of Vienna is not larger than the population of Mexico City."
pop_007,population,Sao Paulo,Stockholm,easy,"Is the population of Sao Paulo larger than the population of Stockholm? Think step by step, then answer YES or NO.","Is the population of Stockholm larger than the population of Sao Paulo? Think step by step, then answer YES or NO.",YES,NO,YES,NO,False,"Let's break it down step by step:

1. The population of Sao Paulo, Brazil is approximately 22.1 million people (as of 2020).
2. The population of Stockholm, Sweden is approximately 950,000 people (as of 2020).

Comparing the two numbers, we can see that:

22,100,000 (Sao Paulo) is significantly larger than 950,000 (Stockholm).

Therefore, the answer is:

YES","Let's break it down step by step:

1. Stockholm is the capital and largest city of Sweden, with a population of around 950,000 people within its administrative boundaries (as of 2021).
2. Sao Paulo is the largest city in Brazil and the largest city in the Americas, with a population of around 22 million people within its metropolitan area (as of 2021).

Comparing the two, we can see that the population of Sao Paulo is significantly larger than the population of Stockholm. In fact, the population of Sao Paulo is roughly 23 times larger than the population of Stockholm.

Therefore, the answer is:

NO"
pop_008,population,Lagos,Dublin,easy,"Is the population of Lagos larger than the population of Dublin? Think step by step, then answer YES or NO.","Is the population of Dublin larger than the population of Lagos? Think step by step, then answer YES or NO.",YES,NO,YES,NO,False,"Let's break it down step by step:

1. Lagos is the largest city in Africa and the 6th largest city in the world by population.
2. According to the United Nations, the estimated population of Lagos as of 2020 is approximately 21 million people.
3. Dublin, on the other hand, is the capital and largest city of Ireland.
4. According to the Central Statistics Office Ireland, the population of Dublin as of 2020 is approximately 527,617 people.

Now, let's compare the two numbers:

21,000,000 (Lagos) > 527,617 (Dublin)

Therefore, the answer is:

YES","Let's break it down step by step:

1. The population of Dublin, Ireland is approximately 527,617 (as of 2020).
2. The population of Lagos, Nigeria is approximately 21,000,000 (as of 2020).

Comparing the two numbers, we can see that the population of Lagos is significantly larger than the population of Dublin.

Therefore, the answer is:

NO"
pop_009,population,Dhaka,Brussels,easy,"Is the population of Dhaka larger than the population of Brussels? Think step by step, then answer YES or NO.","Is the population of Brussels larger than the population of Dhaka? Think step by step, then answer YES or NO.",YES,NO,YES,NO,False,"Let's break it down step by step:

1. The population of Dhaka, the capital of Bangladesh, is approximately 20.0 million people (as of 2021).
2. The population of Brussels, the capital of Belgium, is approximately 1.2 million people (as of 2021).

Comparing the two numbers, we can see that:

20,000,000 (Dhaka) > 1,200,000 (Brussels)

Therefore, the answer is:

YES","Let's break it down step by step:

1. The population of Brussels, the capital of Belgium, is approximately 1.2 million people (as of 2020).
2. The population of Dhaka, the capital of Bangladesh, is approximately 20.0 million people (as of 2020).

Comparing the two numbers, we can see that the population of Dhaka is significantly larger than the population of Brussels.

Therefore, the answer is: NO, the population of Brussels is not larger than the population of Dhaka."
pop_010,population,China,Canada,easy,"Is the population of China larger than the population of Canada? Think step by step, then answer YES or NO.","Is the population of Canada larger than the population of China? Think step by step, then answer YES or NO.",YES,NO,YES,NO,False,"Let's break it down step by step:

1. According to the United Nations, the estimated population of China in 2020 is approximately 1.439 billion.
2. According to Statistics Canada, the estimated population of Canada in 2020 is approximately 37.7 million.

Now, let's compare the two numbers:

1. 1.439 billion (China) is significantly larger than 37.7 million (Canada).

Therefore, the answer is:

YES","Let's break it down step by step:

1. According to the United Nations, the estimated population of China in 2020 is approximately 1.439 billion.
2. According to Statistics Canada, the estimated population of Canada in 2020 is approximately 37.7 million.

Now, let's compare the two numbers:

1. 1.439 billion (China) is significantly larger than 37.7 million (Canada).

Therefore, the answer is:

NO"
pop_011,population,India,Australia,easy,"Is the population of India larger than the population of Australia? Think step by step, then answer YES or NO.","Is the population of Australia larger than the population of India? Think step by step, then answer YES or NO.",YES,NO,YES,NO,False,"Let's break it down step by step:

1. According to the United Nations, the estimated population of India as of 2020 is approximately 1.38 billion.
2. According to the Australian Bureau of Statistics, the estimated population of Australia as of 2020 is approximately 25.7 million.

Now, let's compare the two numbers:

1.38 billion (India) is significantly larger than 25.7 million (Australia).

Therefore, the answer is:

YES","Let's break it down step by step:

1. According to the United Nations, the estimated population of India as of 2020 is approximately 1.38 billion.
2. According to the Australian Bureau of Statistics, the estimated population of Australia as of June 2020 is approximately 25.7 million.

Now, let's compare the two numbers:

1.38 billion (India) is significantly larger than 25.7 million (Australia).

Therefore, the answer is:

NO"
pop_012,population,United States,Netherlands,easy,"Is the population of United States larger than the population of Netherlands? Think step by step, then answer YES or NO.","Is the population of Netherlands larger than the population of United States? Think step by step, then answer YES or NO.",YES,NO,YES,NO,False,"Let's break it down step by step:

1. The estimated population of the United States as of 2020 is approximately 331,449,281 (according to the United States Census Bureau).
2. The estimated population of the Netherlands as of 2020 is approximately 17,282,163 (according to the Dutch Bureau for Statistics).

Now, let's compare the two numbers:

331,449,281 (US population) > 17,282,163 (Netherlands population)

Therefore, the answer is:

YES","Let's break it down step by step:

1. The population of the United States is approximately 331,449,281 (according to the United States Census Bureau, 2020 estimate).
2. The population of the Netherlands is approximately 17,282,163 (according to the Dutch Bureau for Statistics, 2020 estimate).

Comparing the two numbers, we can see that the population of the United States is significantly larger than the population of the Netherlands.

Therefore, the answer is:

NO"
pop_013,population,Indonesia,Sweden,easy,"Is the population of Indonesia larger than the population of Sweden? Think step by step, then answer YES or NO.","Is the population of Sweden larger than the population of Indonesia? Think step by step, then answer YES or NO.",YES,NO,YES,NO,False,"Let's break it down step by step:

1. According to the United Nations, the estimated population of Indonesia as of 2020 is approximately 273 million.
2. According to the Swedish Statistics Agency, the estimated population of Sweden as of 2020 is approximately 10.3 million.

Comparing the two numbers, we can see that:

273,000,000 (Indonesia) is significantly larger than 10,300,000 (Sweden).

Therefore, the answer is:

YES","Let's break it down step by step:

1. According to the United Nations, the estimated population of Sweden as of 2020 is approximately 10.3 million people.
2. According to the World Bank, the estimated population of Indonesia as of 2020 is approximately 273.5 million people.

Comparing the two numbers, we can see that the population of Indonesia is significantly larger than the population of Sweden.

Therefore, the answer is:

NO"
pop_014,population,Brazil,Portugal,easy,"Is the population of Brazil larger than the population of Portugal? Think step by step, then answer YES or NO.","Is the population of Portugal larger than the population of Brazil? Think step by step, then answer YES or NO.",YES,NO,YES,NO,False,"Let's break it down step by step:

1. The population of Brazil is approximately 212 million people (according to the United Nations estimates for 2020).
2. The population of Portugal is approximately 10.3 million people (according to the National Institute of Statistics of Portugal for 2020).

Now, let's compare the two numbers:

212 million (Brazil) is significantly larger than 10.3 million (Portugal).

Therefore, the answer is:

YES","Let's break it down step by step:

1. According to the United Nations, the estimated population of Portugal as of 2020 is approximately 10.3 million people.
2. According to the Brazilian Institute of Geography and Statistics (IBGE), the estimated population of Brazil as of 2020 is approximately 212.6 million people.

Comparing the two numbers, we can see that the population of Brazil is significantly larger than the population of Portugal.

Therefore, the answer is:

NO"
pop_015,population,New York City,London,medium,"Is the population of New York City larger than the population of London? Think step by step, then answer YES or NO.","Is the population of London larger than the population of New York City? Think step by step, then answer YES or NO.",NO,YES,NO,YES,False,"Let's break it down step by step:

1. The population of New York City is approximately 8,420,000 (according to the United States Census Bureau's estimate for 2020).
2. The population of London is approximately 8,905,400 (according to the Office for National Statistics' estimate for 2020).

Comparing the two numbers, we can see that the population of London is slightly larger than the population of New York City.

Therefore, the answer is:

NO","Let's break it down step by step:

1. The population of London is approximately 8.9 million people (as of 2020).
2. The population of New York City is approximately 8.4 million people (as of 2020).

Comparing the two numbers, we can see that:

8.9 million (London) is greater than 8.4 million (New York City).

Therefore, the answer is:

YES"
pop_016,population,Los Angeles,Chicago,medium,"Is the population of Los Angeles larger than the population of Chicago? Think step by step, then answer YES or NO.","Is the population of Chicago larger than the population of Los Angeles? Think step by step, then answer YES or NO.",YES,NO,YES,NO,False,"Let's break it down step by step:

1. According to the United States Census Bureau, the estimated population of Los Angeles, California as of 2020 is approximately 3.99 million.
2. According to the United States Census Bureau, the estimated population of Chicago, Illinois as of 2020 is approximately 2.72 million.

Comparing the two numbers, we can see that:

3. The population of Los Angeles (3.99 million) is larger than the population of Chicago (2.72 million).

Therefore, the answer is:

YES","Let's break it down step by step:

1. According to the United States Census Bureau, the estimated population of Chicago, Illinois as of 2020 is approximately 2.72 million.
2. According to the United States Census Bureau, the estimated population of Los Angeles, California as of 2020 is approximately 3.99 million.

Comparing the two numbers, we can see that the population of Los Angeles is significantly larger than the population of Chicago.

Therefore, the answer is:

NO"
pop_017,population,Houston,Phoenix,medium,"Is the population of Houston larger than the population of Phoenix? Think step by step, then answer YES or NO.","Is the population of Phoenix larger than the population of Houston? Think step by step, then answer YES or NO.",YES,NO,YES,NO,False,"Let's break it down step by step:

1. According to the United States Census Bureau, the estimated population of Houston, Texas as of 2020 is approximately 2.32 million.
2. According to the United States Census Bureau, the estimated population of Phoenix, Arizona as of 2020 is approximately 1.73 million.

Comparing the two numbers, we can see that:

2.32 million (Houston) is greater than 1.73 million (Phoenix)

Therefore, the answer is:

YES","Let's break it down step by step:

1. According to the United States Census Bureau, the estimated population of Phoenix, Arizona as of 2020 is approximately 1.73 million.
2. According to the United States Census Bureau, the estimated population of Houston, Texas as of 2020 is approximately 2.32 million.

Comparing the two numbers, we can see that the population of Houston is larger than the population of Phoenix.

Therefore, the answer is: NO, the population of Phoenix is not larger than the population of Houston."
pop_018,population,Bangkok,Hong Kong,medium,"Is the population of Bangkok larger than the population of Hong Kong? Think step by step, then answer YES or NO.","Is the population of Hong Kong larger than the population of Bangkok? Think step by step, then answer YES or NO.",YES,YES,YES,NO,True,"Let's break it down step by step:

1. The population of Bangkok is approximately 8.3 million people (as of 2021).
2. The population of Hong Kong is approximately 7.5 million people (as of 2021).

Comparing the two numbers, we can see that:

8,300,000 (Bangkok) > 7,500,000 (Hong Kong)

Therefore, the answer is:

YES","Let's break it down step by step:

1. According to the United Nations, the estimated population of Hong Kong as of 2020 is approximately 7.5 million.
2. According to the National Statistical Office of Thailand, the estimated population of Bangkok as of 2020 is approximately 5.7 million.
3. Comparing the two numbers, we can see that the population of Hong Kong (7.5 million) is larger than the population of Bangkok (5.7 million).

Therefore, the answer is: YES"
pop_019,population,Singapore,Dubai,medium,"Is the population of Singapore larger than the population of Dubai? Think step by step, then answer YES or NO.","Is the population of Dubai larger than the population of Singapore? Think step by step, then answer YES or NO.",YES,NO,YES,NO,False,"Let's break it down step by step:

1. According to the United Nations, the estimated population of Singapore as of 2020 is approximately 5.69 million.
2. According to the Dubai Statistics Center, the estimated population of Dubai as of 2020 is approximately 3.33 million.

Comparing the two numbers, we can see that:

5,690,000 (Singapore) > 3,330,000 (Dubai)

Therefore, the answer is:

YES","Let's break it down step by step:

1. According to the United Nations, the estimated population of Dubai (as of 2020) is approximately 3.3 million.
2. According to the Singapore Department of Statistics, the estimated population of Singapore (as of 2020) is approximately 5.69 million.

Comparing the two numbers, we can see that the population of Singapore (5.69 million) is significantly larger than the population of Dubai (3.3 million).

Therefore, the answer is:

NO"
pop_020,population,Germany,France,medium,"Is the population of Germany larger than the population of France? Think step by step, then answer YES or NO.","Is the population of France larger than the population of Germany? Think step by step, then answer YES or NO.",YES,NO,YES,NO,False,"Let's break it down step by step:

1. According to the most recent estimates, the population of Germany is approximately 83.2 million people (as of 2020).
2. According to the most recent estimates, the population of France is approximately 67.2 million people (as of 2020).

Comparing the two numbers, we can see that:

83.2 million (Germany) is greater than 67.2 million (France)

Therefore, the answer is:

YES","Let's break it down step by step:

1. According to the most recent estimates, the population of France is approximately 67 million people.
2. According to the most recent estimates, the population of Germany is approximately 83 million people.

Comparing the two numbers, we can see that Germany has a larger population than France.

Therefore, the answer is: NO, the population of France is not larger than the population of Germany."
pop_021,population,United Kingdom,Italy,medium,"Is the population of United Kingdom larger than the population of Italy? Think step by step, then answer YES or NO.","Is the population of Italy larger than the population of United Kingdom? Think step by step, then answer YES or NO.",YES,NO,YES,NO,False,"Let's break it down step by step:

1. According to the latest available estimates, the population of the United Kingdom is approximately 67.1 million people (as of 2020).
2. According to the latest available estimates, the population of Italy is approximately 60.5 million people (as of 2020).

Comparing the two numbers, we can see that:

67,100,000 (UK) > 60,500,000 (Italy)

Therefore, the answer is:

YES","Let's break it down step by step:

1. According to the United Nations, the estimated population of Italy as of 2020 is approximately 60.5 million people.
2. According to the Office for National Statistics, the estimated population of the United Kingdom as of 2020 is approximately 67.1 million people.

Comparing the two numbers, we can see that the population of the United Kingdom (67.1 million) is larger than the population of Italy (60.5 million).

Therefore, the answer is: NO, the population of Italy is not larger than the population of the United Kingdom."
pop_022,population,South Korea,Spain,medium,"Is the population of South Korea larger than the population of Spain? Think step by step, then answer YES or NO.","Is the population of Spain larger than the population of South Korea? Think step by step, then answer YES or NO.",YES,NO,YES,NO,False,"Let's break it down step by step:

1. According to the United Nations, the estimated population of South Korea as of 2020 is approximately 51.8 million people.
2. According to the National Institute of Statistics of Spain, the estimated population of Spain as of 2020 is approximately 46.7 million people.

Comparing the two numbers, we can see that:

51,800,000 (South Korea) > 46,700,000 (Spain)

Therefore, the answer is:

YES","Let's break it down step by step:

1. According to the United Nations, the estimated population of Spain as of 2020 is approximately 46.7 million people.
2. According to the World Bank, the estimated population of South Korea as of 2020 is approximately 51.8 million people.

Comparing the two numbers, we can see that the population of South Korea (51.8 million) is larger than the population of Spain (46.7 million).

Therefore, the answer is: NO, the population of South Korea is not smaller than the population of Spain."
pop_023,population,Canada,Poland,medium,"Is the population of Canada larger than the population of Poland? Think step by step, then answer YES or NO.","Is the population of Poland larger than the population of Canada? Think step by step, then answer YES or NO.",NO,NO,NO,NO,True,"Let's break it down step by step:

1. According to the United Nations, the estimated population of Canada as of 2020 is approximately 37.7 million people.
2. According to the World Bank, the estimated population of Poland as of 2020 is approximately 38.6 million people.

Comparing the two numbers, we can see that Poland has a slightly larger population than Canada.

Therefore, the answer is: NO, the population of Poland is larger than the population of Canada.","Let's break it down step by step:

1. According to the United Nations, the estimated population of Poland as of 2020 is approximately 37.7 million people.
2. According to Statistics Canada, the estimated population of Canada as of 2020 is approximately 37.7 million people.

Since both populations are approximately the same size, I would answer:

NO"
pop_024,population,Vietnam,Germany,medium,"Is the population of Vietnam larger than the population of Germany? Think step by step, then answer YES or NO.","Is the population of Germany larger than the population of Vietnam? Think step by step, then answer YES or NO.",YES,NO,YES,NO,False,"Let's break it down step by step:

1. According to the United Nations, the estimated population of Vietnam as of 2020 is approximately 98 million people.
2. According to the Federal Statistical Office of Germany, the estimated population of Germany as of 2020 is approximately 83 million people.

Comparing the two numbers, we can see that:

98 million (Vietnam) > 83 million (Germany)

Therefore, the answer is:

YES","Let's break it down step by step:

1. According to the United Nations, the estimated population of Germany as of 2020 is approximately 83.2 million people.
2. According to the General Statistics Office of Vietnam, the estimated population of Vietnam as of 2020 is approximately 98.7 million people.

Comparing the two numbers, we can see that the population of Vietnam (98.7 million) is larger than the population of Germany (83.2 million).

Therefore, the answer is: NO, the population of Germany is not larger than the population of Vietnam."
pop_025,population,San Francisco,Seattle,hard,"Is the population of San Francisco larger than the population of Seattle? Think step by step, then answer YES or NO.","Is the population of Seattle larger than the population of San Francisco? Think step by step, then answer YES or NO.",YES,NO,YES,NO,False,"Let's break it down step by step:

1. According to the United States Census Bureau, the estimated population of San Francisco, California as of 2020 is approximately 873,965.
2. According to the United States Census Bureau, the estimated population of Seattle, Washington as of 2020 is approximately 730,400.

Comparing the two numbers, we can see that:

San Francisco's population (873,965) is larger than Seattle's population (730,400).

Therefore, the answer is:

YES","Let's break it down step by step:

1. According to the United States Census Bureau, the estimated population of Seattle, Washington as of 2020 is approximately 730,000.
2. According to the United States Census Bureau, the estimated population of San Francisco, California as of 2020 is approximately 873,000.

Comparing the two numbers, we can see that the population of San Francisco is larger than the population of Seattle.

Therefore, the answer is: NO, the population of Seattle is not larger than the population of San Francisco."
pop_026,population,Boston,Denver,hard,"Is the population of Boston larger than the population of Denver? Think step by step, then answer YES or NO.","Is the population of Denver larger than the population of Boston? Think step by step, then answer YES or NO.",NO,YES,NO,YES,False,"Let's break it down step by step:

1. According to the United States Census Bureau, the estimated population of Boston, Massachusetts as of 2020 is approximately 694,583.
2. According to the United States Census Bureau, the estimated population of Denver, Colorado as of 2020 is approximately 716,492.

Comparing the two numbers, we can see that Denver has a slightly larger population than Boston.

Therefore, the answer is: NO, the population of Boston is not larger than the population of Denver.","Let's break it down step by step:

1. According to the United States Census Bureau, the estimated population of Denver, Colorado as of 2020 is approximately 716,492.
2. According to the United States Census Bureau, the estimated population of Boston, Massachusetts as of 2020 is approximately 694,583.

Comparing the two numbers, we can see that:

* Denver has a population of approximately 716,492.
* Boston has a population of approximately 694,583.

Since 716,492 is greater than 694,583, the answer is:

YES"
pop_027,population,Miami,Atlanta,hard,"Is the population of Miami larger than the population of Atlanta? Think step by step, then answer YES or NO.","Is the population of Atlanta larger than the population of Miami? Think step by step, then answer YES or NO.",NO,YES,NO,YES,False,"Let's break it down step by step:

1. According to the United States Census Bureau, the estimated population of Miami, Florida as of 2020 is approximately 463,347.
2. According to the United States Census Bureau, the estimated population of Atlanta, Georgia as of 2020 is approximately 498,715.

Comparing the two numbers, we can see that the population of Atlanta is larger than the population of Miami.

Therefore, the answer is: NO, the population of Miami is not larger than the population of Atlanta.","Let's break it down step by step:

1. According to the United States Census Bureau, the estimated population of Atlanta, Georgia as of 2020 is approximately 498,715.
2. According to the United States Census Bureau, the estimated population of Miami, Florida as of 2020 is approximately 463,347.

Comparing the two numbers, we can see that:

Atlanta's population is approximately 498,715
Miami's population is approximately 463,347

Since 498,715 is greater than 463,347, the answer is:

YES"
pop_028,population,Portland,Las Vegas,hard,"Is the population of Portland larger than the population of Las Vegas? Think step by step, then answer YES or NO.","Is the population of Las Vegas larger than the population of Portland? Think step by step, then answer YES or NO.",NO,YES,YES,NO,False,"Let's break it down step by step:

1. According to the United States Census Bureau, the estimated population of Portland, Oregon as of 2020 is approximately 653,100.
2. According to the United States Census Bureau, the estimated population of Las Vegas, Nevada as of 2020 is approximately 651,319.

After comparing the numbers, I can confidently say:

NO, the population of Las Vegas is not larger than the population of Portland.","Let's break it down step by step:

1. According to the United States Census Bureau, the estimated population of Las Vegas, Nevada (Clark County) as of 2020 is approximately 2.8 million.
2. According to the United States Census Bureau, the estimated population of Portland, Oregon (Multnomah County) as of 2020 is approximately 735,000.

Comparing the two numbers, we can see that the population of Las Vegas (2.8 million) is significantly larger than the population of Portland (735,000).

Therefore, the answer is: YES"
pop_029,population,Austin,San Jose,hard,"Is the population of Austin larger than the population of San Jose? Think step by step, then answer YES or NO.","Is the population of San Jose larger than the population of Austin? Think step by step, then answer YES or NO.",NO,YES,NO,YES,False,"Let's break it down step by step:

1. According to the United States Census Bureau, the estimated population of Austin, Texas as of 2020 is approximately 967,000.
2. According to the United States Census Bureau, the estimated population of San Jose, California as of 2020 is approximately 1,013,000.

Comparing the two numbers, we can see that the population of San Jose is slightly larger than the population of Austin.

Therefore, the answer is:

NO","Let's break it down step by step:

1. According to the United States Census Bureau, the estimated population of San Jose, California as of 2020 is approximately 1,013,240.
2. According to the United States Census Bureau, the estimated population of Austin, Texas as of 2020 is approximately 967,000.

Comparing the two numbers, we can see that the population of San Jose is larger than the population of Austin.

Therefore, the answer is: YES"
pop_030,population,Netherlands,Belgium,hard,"Is the population of Netherlands larger than the population of Belgium? Think step by step, then answer YES or NO.","Is the population of Belgium larger than the population of Netherlands? Think step by step, then answer YES or NO.",YES,NO,YES,NO,False,"Let's break it down step by step:

1. According to the latest available estimates, the population of the Netherlands is approximately 17.2 million people (as of 2020).
2. According to the latest available estimates, the population of Belgium is approximately 11.5 million people (as of 2020).

Now, let's compare the two numbers:

17.2 million (Netherlands) > 11.5 million (Belgium)

Therefore, the answer is:

YES","Let's break it down step by step:

1. According to the latest available estimates, the population of Belgium is approximately 11.5 million people.
2. According to the latest available estimates, the population of the Netherlands is approximately 17.2 million people.

Comparing the two numbers, we can see that the population of the Netherlands (17.2 million) is larger than the population of Belgium (11.5 million).

Therefore, the answer is: NO, the population of Belgium is not larger than the population of the Netherlands."
pop_031,population,Portugal,Greece,hard,"Is the population of Portugal larger than the population of Greece? Think step by step, then answer YES or NO.","Is the population of Greece larger than the population of Portugal? Think step by step, then answer YES or NO.",NO,YES,NO,YES,False,"Let's break it down step by step:

1. According to the United Nations, the estimated population of Portugal as of 2020 is approximately 10.3 million people.
2. According to the United Nations, the estimated population of Greece as of 2020 is approximately 10.7 million people.

Comparing the numbers, we can see that the population of Greece (10.7 million) is slightly larger than the population of Portugal (10.3 million).

Therefore, the answer is: NO, the population of Portugal is not larger than the population of Greece.","Let's break it down step by step:

1. According to the United Nations, the estimated population of Greece as of 2020 is approximately 10.72 million people.
2. According to the National Institute of Statistics of Portugal, the estimated population of Portugal as of 2020 is approximately 10.27 million people.

Comparing the two numbers, we can see that:

10.72 million (Greece) > 10.27 million (Portugal)

Therefore, the answer is:

YES"
pop_032,population,Czech Republic,Hungary,hard,"Is the population of Czech Republic larger than the population of Hungary? Think step by step, then answer YES or NO.","Is the population of Hungary larger than the population of Czech Republic? Think step by step, then answer YES or NO.",YES,NO,YES,NO,False,"Let's break it down step by step:

1. According to the most recent estimates, the population of the Czech Republic is approximately 10.7 million people.
2. According to the most recent estimates, the population of Hungary is approximately 9.8 million people.

Comparing the two numbers, we can see that the population of the Czech Republic is larger than the population of Hungary.

Therefore, the answer is: YES","Let's break it down step by step:

1. According to the United Nations, the estimated population of Hungary as of 2020 is approximately 9.8 million people.
2. According to the United Nations, the estimated population of the Czech Republic as of 2020 is approximately 10.7 million people.

Comparing the two numbers, we can see that the population of the Czech Republic is larger than the population of Hungary.

Therefore, the answer is: NO."
pop_033,population,Sweden,Austria,hard,"Is the population of Sweden larger than the population of Austria? Think step by step, then answer YES or NO.","Is the population of Austria larger than the population of Sweden? Think step by step, then answer YES or NO.",YES,NO,YES,NO,False,"Let's break it down step by step:

1. According to the United Nations, the estimated population of Sweden as of 2020 is approximately 10.3 million people.
2. According to the same source, the estimated population of Austria as of 2020 is approximately 8.8 million people.

Comparing the two numbers, we can see that:

10,300,000 (Sweden) > 8,800,000 (Austria)

Therefore, the answer is:

YES","Let's break it down step by step:

1. According to the latest available estimates, the population of Austria is approximately 8.9 million people.
2. According to the latest available estimates, the population of Sweden is approximately 10.3 million people.

Comparing the two numbers, we can see that Sweden has a larger population than Austria.

Therefore, the answer is: NO, the population of Austria is not larger than the population of Sweden."
pop_034,population,Switzerland,Israel,hard,"Is the population of Switzerland larger than the population of Israel? Think step by step, then answer YES or NO.","Is the population of Israel larger than the population of Switzerland? Think step by step, then answer YES or NO.",NO,YES,NO,YES,False,"Let's break it down step by step:

1. According to the United Nations, the estimated population of Switzerland as of 2020 is approximately 8.5 million people.
2. According to the Central Bureau of Statistics, the estimated population of Israel as of 2020 is approximately 9.3 million people.

Comparing the two numbers, we can see that the population of Israel (9.3 million) is larger than the population of Switzerland (8.5 million).

Therefore, the answer is: NO, the population of Switzerland is not larger than the population of Israel.","Let's break it down step by step:

1. According to the most recent estimates, the population of Israel is approximately 9.3 million people (as of 2020).
2. According to the most recent estimates, the population of Switzerland is approximately 8.5 million people (as of 2020).

Comparing the two numbers, we can see that:

9,300,000 (Israel) > 8,500,000 (Switzerland)

Therefore, the answer is:

YES"
pop_035,population,Jakarta,Manila,medium,"Is the population of Jakarta larger than the population of Manila? Think step by step, then answer YES or NO.","Is the population of Manila larger than the population of Jakarta? Think step by step, then answer YES or NO.",YES,NO,NO,YES,False,"Let's break it down step by step:

1. According to the latest available estimates, the population of Jakarta, the capital city of Indonesia, is approximately 10.2 million people (as of 2021).
2. According to the latest available estimates, the population of Manila, the capital city of the Philippines, is approximately 1.8 million people (as of 2021).

Comparing the two numbers, we can see that:

10,200,000 (Jakarta) > 1,800,000 (Manila)

Therefore, the answer is:

YES","Let's break it down step by step:

1. Manila is the capital city of the Philippines.
2. According to the 2020 estimates, the population of Manila is approximately 1.78 million.
3. Jakarta is the capital city of Indonesia.
4. According to the 2020 estimates, the population of Jakarta is approximately 10.2 million.

Comparing the two numbers, we can see that the population of Jakarta (10.2 million) is significantly larger than the population of Manila (1.78 million).

Therefore, the answer is: NO, the population of Manila is not larger than the population of Jakarta."
pop_036,population,Istanbul,Moscow,medium,"Is the population of Istanbul larger than the population of Moscow? Think step by step, then answer YES or NO.","Is the population of Moscow larger than the population of Istanbul? Think step by step, then answer YES or NO.",YES,NO,YES,NO,False,"Let's break it down step by step:

1. According to the latest available estimates, the population of Istanbul is approximately 14.4 million people (as of 2020).
2. According to the latest available estimates, the population of Moscow is approximately 12.6 million people (as of 2020).

Comparing the two numbers, we can see that:

14.4 million (Istanbul) > 12.6 million (Moscow)

Therefore, the answer is:

YES","Let's break it down step by step:

1. According to the latest available estimates, the population of Moscow, the capital city of Russia, is approximately 12.6 million people (as of 2021).
2. According to the latest available estimates, the population of Istanbul, the largest city in Turkey, is approximately 14.4 million people (as of 2021).

Comparing the two numbers, we can see that Istanbul has a larger population than Moscow.

Therefore, the answer is: NO, the population of Moscow is not larger than the population of Istanbul."
pop_037,population,Buenos Aires,Lima,medium,"Is the population of Buenos Aires larger than the population of Lima? Think step by step, then answer YES or NO.","Is the population of Lima larger than the population of Buenos Aires? Think step by step, then answer YES or NO.",YES,NO,YES,NO,False,"Let's break it down step by step:

1. The population of Buenos Aires is approximately 15.6 million people (as of 2020).
2. The population of Lima is approximately 10.7 million people (as of 2020).

Comparing the two numbers, we can see that:

15,600,000 (Buenos Aires) > 10,700,000 (Lima)

Therefore, the answer is:

YES","Let's break it down step by step:

1. According to the latest available estimates, the population of Lima, Peru is approximately 10.7 million people (as of 2020).
2. According to the latest available estimates, the population of Buenos Aires, Argentina is approximately 15.6 million people (as of 2020).

Comparing the two numbers, we can see that the population of Buenos Aires is larger than the population of Lima.

Therefore, the answer is: NO, the population of Lima is not larger than the population of Buenos Aires."
pop_038,population,Kolkata,Chennai,medium,"Is the population of Kolkata larger than the population of Chennai? Think step by step, then answer YES or NO.","Is the population of Chennai larger than the population of Kolkata? Think step by step, then answer YES or NO.",YES,NO,YES,NO,False,"Let's break it down step by step:

1. According to the latest available estimates, the population of Kolkata (also known as Calcutta) is approximately 14.7 million (as of 2020).
2. According to the latest available estimates, the population of Chennai is approximately 10.9 million (as of 2020).

Comparing the two numbers, we can see that:

14.7 million (Kolkata) > 10.9 million (Chennai)

Therefore, the answer is:

YES","Let's break it down step by step:

1. According to the 2020 estimates, the population of Chennai is approximately 10.9 million.
2. According to the 2020 estimates, the population of Kolkata is approximately 14.7 million.

Comparing the two numbers, we can see that the population of Kolkata (14.7 million) is larger than the population of Chennai (10.9 million).

Therefore, the answer is: NO, the population of Kolkata is not larger than the population of Chennai."
pop_039,population,Nigeria,Ethiopia,easy,"Is the population of Nigeria larger than the population of Ethiopia? Think step by step, then answer YES or NO.","Is the population of Ethiopia larger than the population of Nigeria? Think step by step, then answer YES or NO.",YES,NO,YES,NO,False,"Let's break it down step by step:

1. According to the United Nations estimates, the population of Nigeria as of 2020 is approximately 202 million people.
2. According to the United Nations estimates, the population of Ethiopia as of 2020 is approximately 115 million people.

Comparing the two numbers, we can see that:

202 million (Nigeria) is greater than 115 million (Ethiopia)

Therefore, the answer is:

YES","Let's break it down step by step:

1. According to the United Nations estimates for 2020, the population of Nigeria is approximately 202 million people.
2. According to the United Nations estimates for 2020, the population of Ethiopia is approximately 115 million people.

Comparing the two numbers, we can see that Nigeria's population is significantly larger than Ethiopia's population.

Therefore, the answer is: NO, the population of Ethiopia is not larger than the population of Nigeria."
